"","year","Codigo","Season","Punto_de_muestreo","Iluminacion","Cobertura","Soil_respiration","PAR","T_suelo","Hora"
"1","2017",101,"August",1,5,"Under canopy",0.29,0,18.2,"05:13:00.000000"
"2","2017",102,"August",2,5,"Under canopy",0.46,0,18.4,"05:18:00.000000"
"3","2017",103,"August",3,5,"Under canopy",0.38,0,18.9,"05:22:00.000000"
"4","2017",104,"August",4,5,"Under canopy",0.25,0,19,"05:25:00.000000"
"5","2017",105,"August",5,5,"Under canopy",0.54,0,19.1,"05:28:00.000000"
"6","2017",106,"August",6,5,"Under canopy",0.32,0,19.4,"05:32:00.000000"
"7","2017",107,"August",7,5,"Under canopy",0.42,0,19.1,"05:37:00.000000"
"8","2017",108,"August",8,5,"Under canopy",0.3,34.8,19.3,"07:14:00.000000"
"9","2017",109,"August",9,5,"Under canopy",0.29,0,19.4,"05:40:00.000000"
"10","2017",110,"August",10,5,"Under canopy",0.24,0,19.2,"06:41:00.000000"
"11","2017",111,"August",11,5,"Under canopy",0.31,0,19.3,"06:07:00.000000"
"12","2017",112,"August",12,5,"Under canopy",0.44,0.1,18.8,"06:11:00.000000"
"13","2017",113,"August",13,5,"Under canopy",0.4,0.1,18.5,"05:47:00.000000"
"14","2017",114,"August",14,5,"Under canopy",0.38,0,18.5,"05:52:00.000000"
"15","2017",115,"August",15,5,"Under canopy",0.41,0,18.9,"06:03:00.000000"
"16","2017",116,"August",16,5,"Under canopy",0.27,0.6,19.2,"06:26:00.000000"
"17","2017",117,"August",17,5,"Under canopy",0.26,0.2,18.2,"06:15:00.000000"
"18","2017",118,"August",18,5,"Under canopy",0.37,1.3,18.9,"06:30:00.000000"
"19","2017",119,"August",19,5,"Under canopy",0.36,0.1,18.7,"06:22:00.000000"
"20","2017",120,"August",20,5,"Under canopy",0.5,0.1,18.7,"06:19:00.000000"
"21","2017",121,"August",21,5,"Canopy interspace",0.18,5.6,19,"06:33:00.000000"
"22","2017",122,"August",22,5,"Canopy interspace",0.07,9.7,19,"06:37:00.000000"
"23","2017",123,"August",23,5,"Canopy interspace",0.08,13.8,19.4,"06:45:00.000000"
"24","2017",124,"August",24,5,"Canopy interspace",0.11,0,19,"05:59:00.000000"
"25","2017",125,"August",25,5,"Canopy interspace",0.17,17.6,20,"06:49:00.000000"
"26","2017",126,"August",26,5,"Canopy interspace",0.08,14.9,19.5,"06:53:00.000000"
"27","2017",127,"August",27,5,"Canopy interspace",0.1,25,19.1,"06:56:00.000000"
"28","2017",128,"August",28,5,"Canopy interspace",0.09,35.9,19.1,"07:00:00.000000"
"29","2017",129,"August",29,5,"Canopy interspace",0.25,31.9,19.2,"07:04:00.000000"
"30","2017",130,"August",30,5,"Canopy interspace",0.06,36,19.2,"07:07:00.000000"
"31","2017",201,"August",1,9,"Under canopy",0.31,49.6,19.8,"08:54:00.000000"
"32","2017",202,"August",2,9,"Under canopy",0.3,33.4,20,"08:57:00.000000"
"33","2017",203,"August",3,9,"Under canopy",0.31,94.4,21.1,"09:01:00.000000"
"34","2017",204,"August",4,9,"Under canopy",0.2,125.2,21.6,"09:05:00.000000"
"35","2017",205,"August",5,9,"Under canopy",0.2,181.3,22,"09:08:00.000000"
"36","2017",206,"August",6,9,"Under canopy",0.31,115.6,21.8,"09:11:00.000000"
"37","2017",207,"August",7,9,"Under canopy",0.43,102.3,22,"09:14:00.000000"
"38","2017",208,"August",8,9,"Under canopy",0.29,238.2,25.2,"10:44:00.000000"
"39","2017",209,"August",9,9,"Under canopy",0.26,247,22.6,"09:18:00.000000"
"40","2017",210,"August",10,9,"Under canopy",0.24,226.6,24.3,"10:08:00.000000"
"41","2017",211,"August",11,9,"Under canopy",0.29,74.3,22.7,"09:40:00.000000"
"42","2017",212,"August",12,9,"Under canopy",0.45,103.3,22,"09:43:00.000000"
"43","2017",213,"August",13,9,"Under canopy",0.29,132.6,22.4,"09:22:00.000000"
"44","2017",214,"August",14,9,"Under canopy",0.33,115.9,22.5,"09:28:00.000000"
"45","2017",215,"August",15,9,"Under canopy",0.39,129.1,23.2,"09:37:00.000000"
"46","2017",216,"August",16,9,"Under canopy",0.2,135,23,"09:58:00.000000"
"47","2017",217,"August",17,9,"Under canopy",0.3,141.8,22.5,"09:47:00.000000"
"48","2017",218,"August",18,9,"Under canopy",0.35,130.2,23.1,"10:02:00.000000"
"49","2017",219,"August",19,9,"Under canopy",0.47,134.1,22.2,"09:54:00.000000"
"50","2017",220,"August",20,9,"Under canopy",0.46,80.8,22.3,"09:50:00.000000"
"51","2017",221,"August",21,9,"Canopy interspace",0.21,334.4,25.1,"10:05:00.000000"
"52","2017",222,"August",22,9,"Canopy interspace",0.46,267.6,25.6,"10:13:00.000000"
"53","2017",223,"August",23,9,"Canopy interspace",0.14,357,26,"10:16:00.000000"
"54","2017",224,"August",24,9,"Canopy interspace",0.05,237.4,24,"09:33:00.000000"
"55","2017",225,"August",25,9,"Canopy interspace",0.14,254.4,26,"10:20:00.000000"
"56","2017",226,"August",26,9,"Canopy interspace",0.08,311.6,25.6,"10:40:00.000000"
"57","2017",227,"August",27,9,"Canopy interspace",0.13,274.5,25.9,"10:25:00.000000"
"58","2017",228,"August",28,9,"Canopy interspace",0.11,251.7,25.7,"10:29:00.000000"
"59","2017",229,"August",29,9,"Canopy interspace",0.24,360.6,26.2,"10:36:00.000000"
"60","2017",230,"August",30,9,"Canopy interspace",0.02,276.5,26.4,"10:33:00.000000"
"61","2017",301,"August",1,13,"Under canopy",0.42,155.3,28.7,"13:01:00.000000"
"62","2017",302,"August",2,13,"Under canopy",0.38,1088.5,27.9,"13:06:00.000000"
"63","2017",303,"August",3,13,"Under canopy",0.27,331.2,32.6,"13:09:00.000000"
"64","2017",304,"August",4,13,"Under canopy",0.39,1843.8,32.7,"13:13:00.000000"
"65","2017",305,"August",5,13,"Under canopy",0.12,1595.5,35,"13:17:00.000000"
"66","2017",306,"August",6,13,"Under canopy",0.35,1410.5,32.4,"13:21:00.000000"
"67","2017",307,"August",7,13,"Under canopy",0.02,641.9,31.9,"13:25:00.000000"
"68","2017",308,"August",8,13,"Under canopy",0.01,594.9,36.6,"15:07:00.000000"
"69","2017",309,"August",9,13,"Under canopy",0.03,923.5,32.6,"13:28:00.000000"
"70","2017",310,"August",10,13,"Under canopy",0.01,341.9,34.8,"14:32:00.000000"
"71","2017",311,"August",11,13,"Under canopy",0.26,573.7,31.5,"13:53:00.000000"
"72","2017",312,"August",12,13,"Under canopy",0.18,241.5,28.9,"13:57:00.000000"
"73","2017",313,"August",13,13,"Under canopy",0.02,655.4,33.2,"13:33:00.000000"
"74","2017",314,"August",14,13,"Under canopy",0.01,162.4,31.4,"13:37:00.000000"
"75","2017",315,"August",15,13,"Under canopy",0.26,216.8,33.2,"13:49:00.000000"
"76","2017",316,"August",16,13,"Under canopy",0.01,610,31.1,"14:14:00.000000"
"77","2017",317,"August",17,13,"Under canopy",0.38,356.9,29.8,"14:03:00.000000"
"78","2017",318,"August",18,13,"Under canopy",0.01,349.4,30.3,"14:19:00.000000"
"79","2017",319,"August",19,13,"Under canopy",0.01,135,29.6,"14:10:00.000000"
"80","2017",320,"August",20,13,"Under canopy",0.01,253.1,29.5,"14:07:00.000000"
"81","2017",321,"August",21,13,"Canopy interspace",0.03,1631.5,41.8,"14:23:00.000000"
"82","2017",322,"August",22,13,"Canopy interspace",0.02,1774.7,39.7,"14:29:00.000000"
"83","2017",323,"August",23,13,"Canopy interspace",0.02,1631.6,41.4,"14:37:00.000000"
"84","2017",324,"August",24,13,"Canopy interspace",0.18,1716.1,40.5,"13:45:00.000000"
"85","2017",325,"August",25,13,"Canopy interspace",0.03,1149.7,40.7,"14:41:00.000000"
"86","2017",326,"August",26,13,"Canopy interspace",0.01,360.7,37.2,"14:47:00.000000"
"87","2017",327,"August",27,13,"Canopy interspace",0.02,1071.1,41.2,"14:51:00.000000"
"88","2017",328,"August",28,13,"Canopy interspace",0.03,590.2,40.9,"15:03:00.000000"
"89","2017",329,"August",29,13,"Canopy interspace",0.01,826.1,41.2,"14:55:00.000000"
"90","2017",330,"August",30,13,"Canopy interspace",0.02,1144.9,41.3,"14:59:00.000000"
"91","2017",401,"August",1,17,"Under canopy",0,144.6,27,"17:06:00.000000"
"92","2017",402,"August",2,17,"Under canopy",0,68.9,25.6,"17:11:00.000000"
"93","2017",403,"August",3,17,"Under canopy",0.01,134.1,27.7,"17:15:00.000000"
"94","2017",404,"August",4,17,"Under canopy",0.01,53.1,27.2,"17:20:00.000000"
"95","2017",405,"August",5,17,"Under canopy",0.01,86.4,27.3,"17:24:00.000000"
"96","2017",406,"August",6,17,"Under canopy",0,53,26.6,"17:28:00.000000"
"97","2017",407,"August",7,17,"Under canopy",0.01,31.9,25.9,"17:32:00.000000"
"98","2017",408,"August",8,17,"Under canopy",0.01,0,20.5,"19:58:00.000000"
"99","2017",409,"August",9,17,"Under canopy",0,47.7,26,"17:36:00.000000"
"100","2017",410,"August",10,17,"Under canopy",0,0,21.3,"19:23:00.000000"
"101","2017",411,"August",11,17,"Under canopy",0,0,20.8,"19:16:00.000000"
"102","2017",412,"August",12,17,"Under canopy",0,9.1,23.2,"18:01:00.000000"
"103","2017",413,"August",13,17,"Under canopy",0.01,23.6,24.8,"17:41:00.000000"
"104","2017",414,"August",14,17,"Under canopy",0.01,34.4,24.7,"17:46:00.000000"
"105","2017",415,"August",15,17,"Under canopy",0.01,26,24.6,"17:56:00.000000"
"106","2017",416,"August",16,17,"Under canopy",0,0.4,22.2,"18:20:00.000000"
"107","2017",417,"August",17,17,"Under canopy",0,0,20.5,"18:51:00.000000"
"108","2017",418,"August",18,17,"Under canopy",0,0,20.4,"19:09:00.000000"
"109","2017",419,"August",19,17,"Under canopy",0,0.3,22.1,"18:15:00.000000"
"110","2017",420,"August",20,17,"Under canopy",0,2,22.5,"18:10:00.000000"
"111","2017",421,"August",21,17,"Canopy interspace",0,0,21.7,"19:13:00.000000"
"112","2017",422,"August",22,17,"Canopy interspace",0,0,21.5,"19:20:00.000000"
"113","2017",423,"August",23,17,"Canopy interspace",0.01,0,22.2,"19:28:00.000000"
"114","2017",424,"August",24,17,"Canopy interspace",0.01,46.6,26.1,"17:53:00.000000"
"115","2017",425,"August",25,17,"Canopy interspace",0.01,0,22.5,"19:32:00.000000"
"116","2017",426,"August",26,17,"Canopy interspace",0.01,0,22.1,"19:35:00.000000"
"117","2017",427,"August",27,17,"Canopy interspace",0.01,0,21.7,"19:39:00.000000"
"118","2017",428,"August",28,17,"Canopy interspace",0,0,21.1,"19:53:00.000000"
"119","2017",429,"August",29,17,"Canopy interspace",0,0,21.3,"19:44:00.000000"
"120","2017",430,"August",30,17,"Canopy interspace",0.01,0.1,21.6,"19:49:00.000000"
"121","2017",501,"August",1,21,"Under canopy",0,0,20.1,"20:53:00.000000"
"122","2017",502,"August",2,21,"Under canopy",0,0,20.1,"20:56:00.000000"
"123","2017",503,"August",3,21,"Under canopy",0.01,0,20.5,"20:59:00.000000"
"124","2017",504,"August",4,21,"Under canopy",0.01,0,20.6,"21:02:00.000000"
"125","2017",505,"August",5,21,"Under canopy",0.01,0,21,"21:06:00.000000"
"126","2017",506,"August",6,21,"Under canopy",0.01,0,20.5,"21:09:00.000000"
"127","2017",507,"August",7,21,"Under canopy",0.01,0,20.6,"21:13:00.000000"
"128","2017",508,"August",8,21,"Under canopy",0,0,20.8,"22:44:00.000000"
"129","2017",509,"August",9,21,"Under canopy",0.01,0,20.8,"21:17:00.000000"
"130","2017",510,"August",10,21,"Under canopy",0,0,20.9,"22:14:00.000000"
"131","2017",511,"August",11,21,"Under canopy",0,0,20.6,"21:35:00.000000"
"132","2017",512,"August",12,21,"Under canopy",0.01,0,20.4,"21:39:00.000000"
"133","2017",513,"August",13,21,"Under canopy",0.01,0,20.3,"21:21:00.000000"
"134","2017",514,"August",14,21,"Under canopy",0.01,0,20.1,"21:24:00.000000"
"135","2017",515,"August",15,21,"Under canopy",0.01,0,21,"21:32:00.000000"
"136","2017",516,"August",16,21,"Under canopy",0.01,0,20.5,"22:04:00.000000"
"137","2017",517,"August",17,21,"Under canopy",0,0,19.8,"22:00:00.000000"
"138","2017",518,"August",18,21,"Under canopy",0.01,0,20.3,"22:07:00.000000"
"139","2017",519,"August",19,21,"Under canopy",0,0,19.9,"21:57:00.000000"
"140","2017",520,"August",20,21,"Under canopy",0.01,0,20,"21:50:00.000000"
"141","2017",521,"August",21,21,"Canopy interspace",0.01,0,21,"22:10:00.000000"
"142","2017",522,"August",22,21,"Canopy interspace",0.01,0,21.4,"22:17:00.000000"
"143","2017",523,"August",23,21,"Canopy interspace",0.01,0,21.8,"22:20:00.000000"
"144","2017",524,"August",24,21,"Canopy interspace",0.01,0,21.3,"21:29:00.000000"
"145","2017",525,"August",25,21,"Canopy interspace",0.01,0,22,"22:23:00.000000"
"146","2017",526,"August",26,21,"Canopy interspace",0.01,0,21.6,"22:26:00.000000"
"147","2017",527,"August",27,21,"Canopy interspace",0.01,0,21.6,"22:29:00.000000"
"148","2017",528,"August",28,21,"Canopy interspace",0,0,21.3,"22:40:00.000000"
"149","2017",529,"August",29,21,"Canopy interspace",0,0,21.2,"22:34:00.000000"
"150","2017",530,"August",30,21,"Canopy interspace",0,0.1,21.3,"22:37:00.000000"
"151","2017",101,"April",1,5,"Under canopy",0.87,2,23.1,"05:18:00.000000"
"152","2017",102,"April",2,5,"Under canopy",0.57,0,23.3,"05:21:00.000000"
"153","2017",103,"April",3,5,"Under canopy",0.62,0.1,23.4,"05:26:00.000000"
"154","2017",104,"April",4,5,"Under canopy",0.4,0,23.7,"05:30:00.000000"
"155","2017",105,"April",5,5,"Under canopy",0.53,0,23.8,"05:35:00.000000"
"156","2017",106,"April",6,5,"Under canopy",0.07,0,23.7,"05:40:00.000000"
"157","2017",107,"April",7,5,"Under canopy",0.71,0,23.3,"05:49:00.000000"
"158","2017",108,"April",8,5,"Under canopy",0.74,105.6,25.3,"07:37:00.000000"
"159","2017",109,"April",9,5,"Under canopy",0.41,0,23.7,"05:53:00.000000"
"160","2017",110,"April",10,5,"Under canopy",0.24,16.8,23.9,"07:05:00.000000"
"161","2017",111,"April",11,5,"Under canopy",1.12,1.2,24.4,"06:25:00.000000"
"162","2017",112,"April",12,5,"Under canopy",1.05,1.7,23.9,"06:33:00.000000"
"163","2017",113,"April",13,5,"Under canopy",0.72,0,23.4,"06:01:00.000000"
"164","2017",114,"April",14,5,"Under canopy",0.92,0,23.6,"06:06:00.000000"
"165","2017",115,"April",15,5,"Under canopy",0.87,0.1,23.7,"06:17:00.000000"
"166","2017",116,"April",16,5,"Under canopy",1.07,11.2,23.8,"06:53:00.000000"
"167","2017",117,"April",17,5,"Under canopy",1.01,12,23.5,"06:44:00.000000"
"168","2017",118,"April",18,5,"Under canopy",0.85,17.8,23.8,"06:59:00.000000"
"169","2017",119,"April",19,5,"Under canopy",0.53,8.7,23.5,"06:48:00.000000"
"170","2017",120,"April",20,5,"Under canopy",1.33,5.1,23.6,"06:39:00.000000"
"171","2017",121,"April",21,5,"Canopy interspace",0.35,6.7,24.5,"06:30:00.000000"
"172","2017",122,"April",22,5,"Canopy interspace",0.36,4.1,24.2,"06:22:00.000000"
"173","2017",123,"April",23,5,"Canopy interspace",0.33,87.2,24.7,"07:09:00.000000"
"174","2017",124,"April",24,5,"Canopy interspace",0.37,0.3,24.3,"06:14:00.000000"
"175","2017",125,"April",25,5,"Canopy interspace",0.61,77.3,25.2,"07:14:00.000000"
"176","2017",126,"April",26,5,"Canopy interspace",0.51,98.6,24.8,"07:18:00.000000"
"177","2017",127,"April",27,5,"Canopy interspace",0.25,99.3,25.3,"07:21:00.000000"
"178","2017",128,"April",28,5,"Canopy interspace",0.45,153.6,25.7,"07:24:00.000000"
"179","2017",129,"April",29,5,"Canopy interspace",0.39,119.1,25.5,"07:27:00.000000"
"180","2017",130,"April",30,5,"Canopy interspace",0.33,165.9,25.7,"07:30:00.000000"
"181","2017",201,"April",1,9,"Under canopy",0.57,711.5,32.7,"09:16:00.000000"
"182","2017",202,"April",2,9,"Under canopy",0.89,236.6,32.9,"09:19:00.000000"
"183","2017",203,"April",3,9,"Under canopy",0.77,298.1,30,"09:23:00.000000"
"184","2017",204,"April",4,9,"Under canopy",0.46,429.2,30.8,"09:27:00.000000"
"185","2017",205,"April",5,9,"Under canopy",0.86,347.4,33.5,"09:30:00.000000"
"186","2017",206,"April",6,9,"Under canopy",0.87,423.5,33.8,"09:34:00.000000"
"187","2017",207,"April",7,9,"Under canopy",0.81,263,31.4,"09:39:00.000000"
"188","2017",208,"April",8,9,"Under canopy",0.64,183.8,37.4,"11:26:00.000000"
"189","2017",209,"April",9,9,"Under canopy",0.52,81.6,32,"09:43:00.000000"
"190","2017",210,"April",10,9,"Under canopy",0.69,144.1,33,"11:15:00.000000"
"191","2017",211,"April",11,9,"Under canopy",1.02,93.2,31.4,"10:14:00.000000"
"192","2017",212,"April",12,9,"Under canopy",1.1,152,31.3,"10:22:00.000000"
"193","2017",213,"April",13,9,"Under canopy",0.82,124.6,30.6,"09:49:00.000000"
"194","2017",214,"April",14,9,"Under canopy",1.02,2087.5,37.2,"09:54:00.000000"
"195","2017",215,"April",15,9,"Under canopy",0.7,132.3,32.9,"10:05:00.000000"
"196","2017",216,"April",16,9,"Under canopy",0.95,91.9,31.9,"11:05:00.000000"
"197","2017",217,"April",17,9,"Under canopy",1.05,120.6,31.8,"10:54:00.000000"
"198","2017",218,"April",18,9,"Under canopy",0.98,321.8,34.3,"11:10:00.000000"
"199","2017",219,"April",19,9,"Under canopy",0.53,74.5,31.7,"11:01:00.000000"
"200","2017",220,"April",20,9,"Under canopy",1.15,921.8,31.6,"10:58:00.000000"
"201","2017",221,"April",21,9,"Canopy interspace",0.27,2025.7,35.1,"10:18:00.000000"
"202","2017",222,"April",22,9,"Canopy interspace",0.27,1131.2,38.6,"10:09:00.000000"
"203","2017",223,"April",23,9,"Canopy interspace",0.14,2496.7,41.4,"11:19:00.000000"
"204","2017",224,"April",24,9,"Canopy interspace",0.09,1844.6,39.7,"10:01:00.000000"
"205","2017",225,"April",25,9,"Canopy interspace",0.54,2288.5,40.7,"11:22:00.000000"
"206","2017",226,"April",26,9,"Canopy interspace",0.22,1552.1,43.4,"11:30:00.000000"
"207","2017",227,"April",27,9,"Canopy interspace",0.09,1170.8,47.2,"11:34:00.000000"
"208","2017",228,"April",28,9,"Canopy interspace",0.24,3141,47.8,"11:37:00.000000"
"209","2017",229,"April",29,9,"Canopy interspace",0.16,2856.2,46.2,"11:40:00.000000"
"210","2017",230,"April",30,9,"Canopy interspace",0.05,2911.4,47.2,"11:44:00.000000"
"211","2017",301,"April",1,13,"Under canopy",1.38,481.4,34.2,"13:37:00.000000"
"212","2017",302,"April",2,13,"Under canopy",1.18,159.2,33.4,"13:43:00.000000"
"213","2017",303,"April",3,13,"Under canopy",0.76,575.4,40.6,"13:46:00.000000"
"214","2017",304,"April",4,13,"Under canopy",0.4,653.6,41.4,"13:51:00.000000"
"215","2017",305,"April",5,13,"Under canopy",0.98,129.9,38.9,"13:55:00.000000"
"216","2017",306,"April",6,13,"Under canopy",0.89,306.8,37.6,"13:59:00.000000"
"217","2017",307,"April",7,13,"Under canopy",0.94,346.5,36.5,"14:02:00.000000"
"218","2017",308,"April",8,13,"Under canopy",0.8,756.4,41.6,"15:22:00.000000"
"219","2017",309,"April",9,13,"Under canopy",0.67,110.7,36.5,"14:06:00.000000"
"220","2017",310,"April",10,13,"Under canopy",0.76,56.9,34.1,"15:10:00.000000"
"221","2017",311,"April",11,13,"Under canopy",1.15,160.4,37.1,"14:34:00.000000"
"222","2017",312,"April",12,13,"Under canopy",1.24,63.6,35.3,"14:42:00.000000"
"223","2017",313,"April",13,13,"Under canopy",1.08,232.7,34.6,"14:09:00.000000"
"224","2017",314,"April",14,13,"Under canopy",1.04,462.8,35.9,"14:14:00.000000"
"225","2017",315,"April",15,13,"Under canopy",0.92,161.8,36.7,"14:25:00.000000"
"226","2017",316,"April",16,13,"Under canopy",1.04,395.3,35.6,"15:01:00.000000"
"227","2017",317,"April",17,13,"Under canopy",1.16,201.1,34.9,"14:48:00.000000"
"228","2017",318,"April",18,13,"Under canopy",1.08,89.8,35.4,"15:05:00.000000"
"229","2017",319,"April",19,13,"Under canopy",0.74,40.2,33.8,"14:56:00.000000"
"230","2017",320,"April",20,13,"Under canopy",1.58,123.2,34.4,"14:52:00.000000"
"231","2017",321,"April",21,13,"Canopy interspace",0.37,610.2,42.1,"14:38:00.000000"
"232","2017",322,"April",22,13,"Canopy interspace",0.03,993.6,45.3,"14:30:00.000000"
"233","2017",323,"April",23,13,"Canopy interspace",0.16,639.8,43.6,"15:14:00.000000"
"234","2017",324,"April",24,13,"Canopy interspace",0.01,1245.8,44.8,"14:21:00.000000"
"235","2017",325,"April",25,13,"Canopy interspace",0.51,679.7,40.9,"15:18:00.000000"
"236","2017",326,"April",26,13,"Canopy interspace",0.51,74.8,37.1,"15:26:00.000000"
"237","2017",327,"April",27,13,"Canopy interspace",0.15,651.6,45.6,"15:29:00.000000"
"238","2017",328,"April",28,13,"Canopy interspace",0.4,565.5,44.3,"15:33:00.000000"
"239","2017",329,"April",29,13,"Canopy interspace",0.22,580.4,45.1,"15:37:00.000000"
"240","2017",330,"April",30,13,"Canopy interspace",0.39,695.8,42.7,"15:40:00.000000"
"241","2017",401,"April",1,17,"Under canopy",0.97,60.4,31,"17:01:00.000000"
"242","2017",402,"April",2,17,"Under canopy",1.03,25.7,30.1,"17:04:00.000000"
"243","2017",403,"April",3,17,"Under canopy",0.79,81.2,32.9,"17:10:00.000000"
"244","2017",404,"April",4,17,"Under canopy",0.47,54.6,32.3,"17:14:00.000000"
"245","2017",405,"April",5,17,"Under canopy",0.85,42,32.7,"17:18:00.000000"
"246","2017",406,"April",6,17,"Under canopy",0.76,29.3,31.3,"17:24:00.000000"
"247","2017",407,"April",7,17,"Under canopy",0.79,21.6,31.5,"17:28:00.000000"
"248","2017",408,"April",8,17,"Under canopy",0.83,0,27.7,"19:11:00.000000"
"249","2017",409,"April",9,17,"Under canopy",0.56,53.4,31.9,"17:31:00.000000"
"250","2017",410,"April",10,17,"Under canopy",0.69,0,27.8,"18:35:00.000000"
"251","2017",411,"April",11,17,"Under canopy",1.08,9.8,29.6,"18:00:00.000000"
"252","2017",412,"April",12,17,"Under canopy",1.11,0.4,29,"18:07:00.000000"
"253","2017",413,"April",13,17,"Under canopy",0.83,16.5,30,"17:36:00.000000"
"254","2017",414,"April",14,17,"Under canopy",0.79,32.2,31,"17:41:00.000000"
"255","2017",415,"April",15,17,"Under canopy",0.93,7.6,30.4,"17:51:00.000000"
"256","2017",416,"April",16,17,"Under canopy",1.07,0,28.1,"18:24:00.000000"
"257","2017",417,"April",17,17,"Under canopy",0.94,0.6,28.4,"18:12:00.000000"
"258","2017",418,"April",18,17,"Under canopy",0.92,0,28.2,"18:29:00.000000"
"259","2017",419,"April",19,17,"Under canopy",0.7,0,28.2,"18:19:00.000000"
"260","2017",420,"April",20,17,"Under canopy",0.98,0.1,28.1,"18:16:00.000000"
"261","2017",421,"April",21,17,"Canopy interspace",0.45,9.1,30.8,"18:04:00.000000"
"262","2017",422,"April",22,17,"Canopy interspace",0.29,27.3,31.9,"17:56:00.000000"
"263","2017",423,"April",23,17,"Canopy interspace",0.3,0,30.3,"18:39:00.000000"
"264","2017",424,"April",24,17,"Canopy interspace",0.26,26.3,33.5,"17:47:00.000000"
"265","2017",425,"April",25,17,"Canopy interspace",0.58,0,29.6,"18:43:00.000000"
"266","2017",426,"April",26,17,"Canopy interspace",0.42,0,28.5,"18:48:00.000000"
"267","2017",427,"April",27,17,"Canopy interspace",0.3,0.4,29.6,"18:52:00.000000"
"268","2017",428,"April",28,17,"Canopy interspace",0.44,0,29.4,"18:55:00.000000"
"269","2017",429,"April",29,17,"Canopy interspace",0,0,29.2,"19:00:00.000000"
"270","2017",430,"April",30,17,"Canopy interspace",0.44,0,28.8,"19:04:00.000000"
"271","2017",501,"April",1,21,"Under canopy",1.05,0,24.5,"21:03:00.000000"
"272","2017",502,"April",2,21,"Under canopy",2.14,0,24.4,"21:07:00.000000"
"273","2017",503,"April",3,21,"Under canopy",0.78,0,24.9,"21:12:00.000000"
"274","2017",504,"April",4,21,"Under canopy",0.42,0,25.6,"21:16:00.000000"
"275","2017",505,"April",5,21,"Under canopy",0.88,0,25.5,"21:20:00.000000"
"276","2017",506,"April",6,21,"Under canopy",0.66,0,24.9,"21:25:00.000000"
"277","2017",507,"April",7,21,"Under canopy",0.75,0,25.2,"21:33:00.000000"
"278","2017",508,"April",8,21,"Under canopy",0.79,0,24.3,"23:34:00.000000"
"279","2017",509,"April",9,21,"Under canopy",0.5,0,24.9,"21:37:00.000000"
"280","2017",510,"April",10,21,"Under canopy",0.61,0,23.7,"23:19:00.000000"
"281","2017",511,"April",11,21,"Under canopy",1.03,0,24.2,"22:32:00.000000"
"282","2017",512,"April",12,21,"Under canopy",1.13,0,24,"22:41:00.000000"
"283","2017",513,"April",13,21,"Under canopy",0.77,0,24.4,"21:42:00.000000"
"284","2017",514,"April",14,21,"Under canopy",0.76,0,24.3,"21:52:00.000000"
"285","2017",515,"April",15,21,"Under canopy",0.89,0,24.5,"22:18:00.000000"
"286","2017",516,"April",16,21,"Under canopy",0.93,0,23.7,"23:04:00.000000"
"287","2017",517,"April",17,21,"Under canopy",1.01,0,23.7,"22:48:00.000000"
"288","2017",518,"April",18,21,"Under canopy",0.8,0,23.7,"23:11:00.000000"
"289","2017",519,"April",19,21,"Under canopy",0.69,0,23.7,"22:59:00.000000"
"290","2017",520,"April",20,21,"Under canopy",1.2,0,23.8,"22:53:00.000000"
"291","2017",521,"April",21,21,"Canopy interspace",0.45,0,25.2,"22:36:00.000000"
"292","2017",522,"April",22,21,"Canopy interspace",0.34,0,25.1,"22:24:00.000000"
"293","2017",523,"April",23,21,"Canopy interspace",0.3,0,24.6,"23:24:00.000000"
"294","2017",524,"April",24,21,"Canopy interspace",0.46,0,25.9,"22:14:00.000000"
"295","2017",525,"April",25,21,"Canopy interspace",0.52,0,24.8,"23:29:00.000000"
"296","2017",526,"April",26,21,"Canopy interspace",0.34,0,24.3,"23:34:00.000000"
"297","2017",527,"April",27,21,"Canopy interspace",0.28,0,24.3,"23:44:00.000000"
"298","2017",528,"April",28,21,"Canopy interspace",0.41,0,24.4,"23:48:00.000000"
"299","2017",529,"April",29,21,"Canopy interspace",0.3,0,24.3,"23:53:00.000000"
"300","2017",530,"April",30,21,"Canopy interspace",0.38,0,24.3,"23:57:00.000000"
"301","2018",101,"April",1,5,"Under canopy",0,0,23.7,"00:00:00.215278"
"302","2018",102,"April",2,5,"Under canopy",0,0,23.7,"00:00:00.218750"
"303","2018",103,"April",3,5,"Under canopy",0,0.1,24.4,"00:00:00.220833"
"304","2018",104,"April",4,5,"Under canopy",0,0,23.8,"00:00:00.230556"
"305","2018",105,"April",5,5,"Under canopy",0.01,0,23.8,"00:00:00.228472"
"306","2018",106,"April",6,5,"Under canopy",0.01,0,24.1,"00:00:00.225694"
"307","2018",107,"April",7,5,"Under canopy",0.01,42.3,23.3,"00:00:00.284722"
"308","2018",108,"April",8,5,"Under canopy",0.01,81.3,25.1,"00:00:00.309028"
"309","2018",109,"April",9,5,"Under canopy",0,0.9,23.3,"00:00:00.254167"
"310","2018",110,"April",10,5,"Under canopy",0.01,50,23.3,"00:00:00.290972"
"311","2018",111,"April",11,5,"Under canopy",0.01,4.3,22.9,"00:00:00.259722"
"312","2018",112,"April",12,5,"Under canopy",0,3.3,22.7,"00:00:00.262500"
"313","2018",113,"April",13,5,"Under canopy",0.01,0,23,"00:00:00.238194"
"314","2018",114,"April",14,5,"Under canopy",0.01,0,22.4,"00:00:00.247222"
"315","2018",115,"April",15,5,"Under canopy",0.01,0,22.4,"00:00:00.250694"
"316","2018",116,"April",16,5,"Under canopy",0.01,11.8,22.9,"00:00:00.272222"
"317","2018",117,"April",17,5,"Under canopy",0.01,5.5,22.6,"00:00:00.265278"
"318","2018",118,"April",18,5,"Under canopy",0.01,20.2,23.1,"00:00:00.275000"
"319","2018",119,"April",19,5,"Under canopy",0.01,6,23.1,"00:00:00.269444"
"320","2018",120,"April",20,5,"Under canopy",0.01,4.6,22.9,"00:00:00.267361"
"321","2018",121,"April",21,5,"Canopy interspace",0.01,44.8,22.5,"00:00:00.277778"
"322","2018",122,"April",22,5,"Canopy interspace",0.01,63.9,22.8,"00:00:00.288194"
"323","2018",123,"April",23,5,"Canopy interspace",0.01,65.6,22.4,"00:00:00.280556"
"324","2018",124,"April",24,5,"Canopy interspace",0.01,4.8,23.1,"00:00:00.257639"
"325","2018",125,"April",25,5,"Canopy interspace",0.02,87.9,24.1,"00:00:00.293750"
"326","2018",126,"April",26,5,"Canopy interspace",0.02,64.3,23.7,"00:00:00.295833"
"327","2018",127,"April",27,5,"Canopy interspace",0.02,110.1,23.6,"00:00:00.297917"
"328","2018",128,"April",28,5,"Canopy interspace",0.02,127.1,24,"00:00:00.300694"
"329","2018",129,"April",29,5,"Canopy interspace",0.01,133.1,24.4,"00:00:00.303472"
"330","2018",130,"April",30,5,"Canopy interspace",0.01,180.8,24.6,"00:00:00.305556"
"331","2018",201,"April",1,9,"Under canopy",0.03,1049.3,30.3,"00:00:00.373611"
"332","2018",202,"April",2,9,"Under canopy",0.02,583.5,29.7,"00:00:00.376389"
"333","2018",203,"April",3,9,"Under canopy",0.01,429.8,31,"00:00:00.379167"
"334","2018",204,"April",4,9,"Under canopy",0.02,562,32.1,"00:00:00.384028"
"335","2018",205,"April",5,9,"Under canopy",0.01,861.9,35.1,"00:00:00.386111"
"336","2018",206,"April",6,9,"Under canopy",0.01,1087.8,35.1,"00:00:00.387500"
"337","2018",207,"April",7,9,"Under canopy",0.02,381.7,33.8,"00:00:00.395139"
"338","2018",208,"April",8,9,"Under canopy",0.01,957.6,33.4,"00:00:00.390278"
"339","2018",209,"April",9,9,"Under canopy",0.01,689.5,34.4,"00:00:00.392361"
"340","2018",210,"April",10,9,"Under canopy",0.01,826.7,34.3,"00:00:00.428472"
"341","2018",211,"April",11,9,"Under canopy",0,244.2,30.4,"00:00:00.407639"
"342","2018",212,"April",12,9,"Under canopy",0,160.3,31.5,"00:00:00.411806"
"343","2018",213,"April",13,9,"Under canopy",0.01,305.6,31.1,"00:00:00.397222"
"344","2018",214,"April",14,9,"Under canopy",0.02,1158.2,34.7,"00:00:00.400000"
"345","2018",215,"April",15,9,"Under canopy",0.01,748.6,32.1,"00:00:00.404861"
"346","2018",216,"April",16,9,"Under canopy",0.01,564.6,33.2,"00:00:00.421528"
"347","2018",217,"April",17,9,"Under canopy",0.02,767.8,34.7,"00:00:00.414583"
"348","2018",218,"April",18,9,"Under canopy",0.01,704.1,34.7,"00:00:00.425000"
"349","2018",219,"April",19,9,"Under canopy",0.02,1217.7,34.2,"00:00:00.419444"
"350","2018",220,"April",20,9,"Under canopy",0,182.8,31.4,"00:00:00.416667"
"351","2018",221,"April",21,9,"Canopy interspace",0.01,1026.1,36.8,"00:00:00.409722"
"352","2018",222,"April",22,9,"Canopy interspace",0.01,1727.9,39.8,"00:00:00.431250"
"353","2018",223,"April",23,9,"Canopy interspace",0.02,2081.8,41.3,"00:00:00.433333"
"354","2018",224,"April",24,9,"Canopy interspace",0.01,1227.1,35.7,"00:00:00.402778"
"355","2018",225,"April",25,9,"Canopy interspace",0.02,1691.3,44,"00:00:00.436111"
"356","2018",226,"April",26,9,"Canopy interspace",0.01,2114.8,40.3,"00:00:00.438194"
"357","2018",227,"April",27,9,"Canopy interspace",0,1721,35.6,"00:00:00.440972"
"358","2018",228,"April",28,9,"Canopy interspace",0.02,2194.3,43.6,"00:00:00.444444"
"359","2018",229,"April",29,9,"Canopy interspace",0.01,2098.8,43.9,"00:00:00.450000"
"360","2018",230,"April",30,9,"Canopy interspace",0.02,2369.3,43.5,"00:00:00.447222"
"361","2018",301,"April",1,13,"Under canopy",0.02,164.6,33.5,"00:00:00.537500"
"362","2018",302,"April",2,13,"Under canopy",0.01,211.8,32.7,"00:00:00.540278"
"363","2018",303,"April",3,13,"Under canopy",0.03,806.8,36,"00:00:00.042361"
"364","2018",304,"April",4,13,"Under canopy",0.02,1512.6,39.8,"00:00:00.044444"
"365","2018",305,"April",5,13,"Under canopy",0.02,1179.4,42.7,"00:00:00.047222"
"366","2018",306,"April",6,13,"Under canopy",0.02,1258.1,39.7,"00:00:00.549306"
"367","2018",307,"April",7,13,"Under canopy",0.01,923.1,39.2,"00:00:00.556250"
"368","2018",308,"April",8,13,"Under canopy",0.01,496.8,38.3,"00:00:00.552083"
"369","2018",309,"April",9,13,"Under canopy",0.01,326.7,39.7,"00:00:00.554167"
"370","2018",310,"April",10,13,"Under canopy",0.02,1224.1,40.4,"00:00:00.593056"
"371","2018",311,"April",11,13,"Under canopy",0.01,1162.1,37.9,"00:00:00.570833"
"372","2018",312,"April",12,13,"Under canopy",0,250,36.6,"00:00:00.575694"
"373","2018",313,"April",13,13,"Under canopy",0.02,1467.7,38.7,"00:00:00.559722"
"374","2018",314,"April",14,13,"Under canopy",0.01,485.1,36.6,"00:00:00.562500"
"375","2018",315,"April",15,13,"Under canopy",0.01,716.2,38.8,"00:00:00.568056"
"376","2018",316,"April",16,13,"Under canopy",0.01,1237.5,37.4,"00:00:00.086806"
"377","2018",317,"April",17,13,"Under canopy",0.01,154.4,36.8,"00:00:00.578472"
"378","2018",318,"April",18,13,"Under canopy",0.02,359,38,"00:00:00.089583"
"379","2018",319,"April",19,13,"Under canopy",0.01,786.3,38.1,"00:00:00.083333"
"380","2018",320,"April",20,13,"Under canopy",0,131.8,36,"00:00:00.581250"
"381","2018",321,"April",21,13,"Canopy interspace",0.02,2280.8,46.2,"00:00:00.573611"
"382","2018",322,"April",22,13,"Canopy interspace",0.02,1132.4,45.3,"00:00:00.597917"
"383","2018",323,"April",23,13,"Canopy interspace",0.02,1525.3,45.9,"00:00:00.595833"
"384","2018",324,"April",24,13,"Canopy interspace",0.02,2352.5,44.9,"00:00:00.565278"
"385","2018",325,"April",25,13,"Canopy interspace",0.01,1794.5,48.4,"00:00:00.601389"
"386","2018",326,"April",26,13,"Canopy interspace",0,338.9,43,"00:00:00.604167"
"387","2018",327,"April",27,13,"Canopy interspace",0.01,997.8,43.3,"00:00:00.607639"
"388","2018",328,"April",28,13,"Canopy interspace",0.01,1059.3,48.2,"00:00:00.610417"
"389","2018",329,"April",29,13,"Canopy interspace",0.01,1192.2,48.6,"00:00:00.616667"
"390","2018",330,"April",30,13,"Canopy interspace",0.01,999.4,49,"00:00:00.613194"
"391","2018",401,"April",1,17,"Under canopy",0.03,179.6,33.1,"00:00:00.701389"
"392","2018",402,"April",2,17,"Under canopy",0.01,62.3,32.1,"00:00:00.703472"
"393","2018",403,"April",3,17,"Under canopy",0.02,124.8,34.4,"00:00:00.705556"
"394","2018",404,"April",4,17,"Under canopy",0.01,69.1,34.3,"00:00:00.208333"
"395","2018",405,"April",5,17,"Under canopy",0.01,51.4,35.1,"00:00:00.210417"
"396","2018",406,"April",6,17,"Under canopy",0.02,74.8,34.7,"00:00:00.212500"
"397","2018",407,"April",7,17,"Under canopy",0.01,51.8,34.3,"00:00:00.715278"
"398","2018",408,"April",8,17,"Under canopy",0,0,29.1,"00:00:00.775000"
"399","2018",409,"April",9,17,"Under canopy",0.01,68.3,34.4,"00:00:00.717361"
"400","2018",410,"April",10,17,"Under canopy",0.01,2.6,30.6,"00:00:00.252083"
"401","2018",411,"April",11,17,"Under canopy",0,35.9,31.7,"00:00:00.730556"
"402","2018",412,"April",12,17,"Under canopy",0,13.5,30.7,"00:00:00.735417"
"403","2018",413,"April",13,17,"Under canopy",0.01,54.1,33.4,"00:00:00.720139"
"404","2018",414,"April",14,17,"Under canopy",0.01,75,33.1,"00:00:00.722917"
"405","2018",415,"April",15,17,"Under canopy",0.01,25.4,31.8,"00:00:00.733333"
"406","2018",416,"April",16,17,"Under canopy",0.01,8.3,30.4,"00:00:00.745139"
"407","2018",417,"April",17,17,"Under canopy",0.01,12.8,30.5,"00:00:00.738194"
"408","2018",418,"April",18,17,"Under canopy",0.01,4.6,30.5,"00:00:00.747222"
"409","2018",419,"April",19,17,"Under canopy",0.01,8.9,30.3,"00:00:00.743056"
"410","2018",420,"April",20,17,"Under canopy",0,8.7,30.3,"00:00:00.740278"
"411","2018",421,"April",21,17,"Canopy interspace",0,6.7,31.3,"00:00:00.250000"
"412","2018",422,"April",22,17,"Canopy interspace",0.01,2.4,30.8,"00:00:00.255556"
"413","2018",423,"April",23,17,"Canopy interspace",0,0.9,31.6,"00:00:00.756944"
"414","2018",424,"April",24,17,"Canopy interspace",0.01,69.6,34.1,"00:00:00.725694"
"415","2018",425,"April",25,17,"Canopy interspace",0.01,0.2,31.8,"00:00:00.759028"
"416","2018",426,"April",26,17,"Canopy interspace",0,0,30.9,"00:00:00.761111"
"417","2018",427,"April",27,17,"Canopy interspace",0,0,29.9,"00:00:00.763889"
"418","2018",428,"April",28,17,"Canopy interspace",0,0,30.4,"00:00:00.765972"
"419","2018",429,"April",29,17,"Canopy interspace",0.01,0,30.4,"00:00:00.768750"
"420","2018",430,"April",30,17,"Canopy interspace",0,0,30.2,"00:00:00.771528"
"421","2018",501,"April",1,21,"Under canopy",NA,0,24.7,"00:00:00.870833"
"422","2018",502,"April",2,21,"Under canopy",NA,0,24.5,"00:00:00.873611"
"423","2018",503,"April",3,21,"Under canopy",0,0,24.8,"00:00:00.376389"
"424","2018",504,"April",4,21,"Under canopy",0,0,24.9,"00:00:00.379167"
"425","2018",505,"April",5,21,"Under canopy",0,0,25.3,"00:00:00.381250"
"426","2018",506,"April",6,21,"Under canopy",0,0,25.2,"00:00:00.884028"
"427","2018",507,"April",7,21,"Under canopy",0.01,0,25.5,"00:00:00.890972"
"428","2018",508,"April",8,21,"Under canopy",0.02,0,25.6,"00:00:00.886111"
"429","2018",509,"April",9,21,"Under canopy",0.01,0,25.4,"00:00:00.888889"
"430","2018",510,"April",10,21,"Under canopy",0,0,24.8,"00:00:00.928472"
"431","2018",511,"April",11,21,"Under canopy",0.01,0,24.9,"00:00:00.904861"
"432","2018",512,"April",12,21,"Under canopy",0,0,24.7,"00:00:00.909722"
"433","2018",513,"April",13,21,"Under canopy",0,0,24.9,"00:00:00.893750"
"434","2018",514,"April",14,21,"Under canopy",0,0,24.9,"00:00:00.896528"
"435","2018",515,"April",15,21,"Under canopy",0.01,0,25.3,"00:00:00.902083"
"436","2018",516,"April",16,21,"Under canopy",0,0,24.8,"00:00:00.420833"
"437","2018",517,"April",17,21,"Under canopy",0,0,24.6,"00:00:00.912500"
"438","2018",518,"April",18,21,"Under canopy",0,0,24.8,"00:00:00.925000"
"439","2018",519,"April",19,21,"Under canopy",0,0,24.7,"00:00:00.418750"
"440","2018",520,"April",20,21,"Under canopy",0,0,24.5,"00:00:00.915972"
"441","2018",521,"April",21,21,"Canopy interspace",0.01,0,25,"00:00:00.906944"
"442","2018",522,"April",22,21,"Canopy interspace",0,0.1,24.5,"00:00:00.931250"
"443","2018",523,"April",23,21,"Canopy interspace",0,0,24.8,"00:00:00.934028"
"444","2018",524,"April",24,21,"Canopy interspace",0.01,0,25.7,"00:00:00.900000"
"445","2018",525,"April",25,21,"Canopy interspace",0.01,0,25.6,"00:00:00.936111"
"446","2018",526,"April",26,21,"Canopy interspace",0,0,25,"00:00:00.938194"
"447","2018",527,"April",27,21,"Canopy interspace",0,0,24.8,"00:00:00.940972"
"448","2018",528,"April",28,21,"Canopy interspace",0,0,24.8,"00:00:00.943750"
"449","2018",529,"April",29,21,"Canopy interspace",0,0,24.9,"00:00:00.947917"
"450","2018",530,"April",30,21,"Canopy interspace",0,0,24.7,"00:00:00.945833"
"451","2018",101,"August",1,5,"Under canopy",0.12,0,18.7,"NA:NA:NA     NA"
"452","2018",102,"August",2,5,"Under canopy",0.07,0,18.9,"NA:NA:NA     NA"
"453","2018",103,"August",3,5,"Under canopy",0.09,0,19.8,"NA:NA:NA     NA"
"454","2018",104,"August",4,5,"Under canopy",0.02,0,19.4,"NA:NA:NA     NA"
"455","2018",105,"August",5,5,"Under canopy",0.05,0,19.6,"NA:NA:NA     NA"
"456","2018",106,"August",6,5,"Under canopy",0.03,0,19.4,"NA:NA:NA     NA"
"457","2018",107,"August",7,5,"Under canopy",0.06,0,20,"NA:NA:NA     NA"
"458","2018",108,"August",8,5,"Under canopy",0,12.5,20.3,"NA:NA:NA     NA"
"459","2018",109,"August",9,5,"Under canopy",0.01,0,19.7,"NA:NA:NA     NA"
"460","2018",110,"August",10,5,"Under canopy",0.07,0.1,19.6,"NA:NA:NA     NA"
"461","2018",111,"August",11,5,"Under canopy",0.1,0,19.5,"NA:NA:NA     NA"
"462","2018",112,"August",12,5,"Under canopy",0.04,0,19.2,"NA:NA:NA     NA"
"463","2018",113,"August",13,5,"Under canopy",0.12,0,19.3,"NA:NA:NA     NA"
"464","2018",114,"August",14,5,"Under canopy",-0.02,0,19.5,"NA:NA:NA     NA"
"465","2018",115,"August",15,5,"Under canopy",-0.05,0,19.4,"NA:NA:NA     NA"
"466","2018",116,"August",16,5,"Under canopy",-0.01,0,19.3,"NA:NA:NA     NA"
"467","2018",117,"August",17,5,"Under canopy",0.05,0.1,19.2,"NA:NA:NA     NA"
"468","2018",118,"August",18,5,"Under canopy",0.06,0,19.5,"NA:NA:NA     NA"
"469","2018",119,"August",19,5,"Under canopy",0,0,19.4,"NA:NA:NA     NA"
"470","2018",120,"August",20,5,"Under canopy",0.01,0,18.8,"NA:NA:NA     NA"
"471","2018",121,"August",21,5,"Canopy interspace",0.03,0,18.9,"NA:NA:NA     NA"
"472","2018",122,"August",22,5,"Canopy interspace",0.04,1.6,19.4,"NA:NA:NA     NA"
"473","2018",123,"August",23,5,"Canopy interspace",0.05,0.7,19.2,"NA:NA:NA     NA"
"474","2018",124,"August",24,5,"Canopy interspace",0.08,0,19.5,"NA:NA:NA     NA"
"475","2018",125,"August",25,5,"Canopy interspace",0.1,2.4,20,"NA:NA:NA     NA"
"476","2018",126,"August",26,5,"Canopy interspace",-0.02,2.9,19.9,"NA:NA:NA     NA"
"477","2018",127,"August",27,5,"Canopy interspace",0,6,20.3,"NA:NA:NA     NA"
"478","2018",128,"August",28,5,"Canopy interspace",0,7.2,19.9,"NA:NA:NA     NA"
"479","2018",129,"August",29,5,"Canopy interspace",0.03,10.1,19.9,"NA:NA:NA     NA"
"480","2018",130,"August",30,5,"Canopy interspace",0.06,10.8,19.8,"NA:NA:NA     NA"
"481","2018",201,"August",1,9,"Under canopy",0.01,1967.7,31.5,"NA:NA:NA     NA"
"482","2018",202,"August",2,9,"Under canopy",0.08,775.2,27,"NA:NA:NA     NA"
"483","2018",203,"August",3,9,"Under canopy",-0.08,773.5,29.6,"NA:NA:NA     NA"
"484","2018",204,"August",4,9,"Under canopy",0,1097.8,32,"NA:NA:NA     NA"
"485","2018",205,"August",5,9,"Under canopy",-0.07,1486.4,32.1,"NA:NA:NA     NA"
"486","2018",206,"August",6,9,"Under canopy",-0.03,701.6,32.1,"NA:NA:NA     NA"
"487","2018",207,"August",7,9,"Under canopy",0.01,191.4,33.3,"NA:NA:NA     NA"
"488","2018",208,"August",8,9,"Under canopy",NA,NA,NA,NA
"489","2018",209,"August",9,9,"Under canopy",0.04,407,30.8,"NA:NA:NA     NA"
"490","2018",210,"August",10,9,"Under canopy",0,540.2,33.7,"NA:NA:NA     NA"
"491","2018",211,"August",11,9,"Under canopy",-0.03,1342.1,31.6,"NA:NA:NA     NA"
"492","2018",212,"August",12,9,"Under canopy",0.09,71.1,28.4,"NA:NA:NA     NA"
"493","2018",213,"August",13,9,"Under canopy",0.07,78.4,27.4,"NA:NA:NA     NA"
"494","2018",214,"August",14,9,"Under canopy",-0.01,602.9,32.6,"NA:NA:NA     NA"
"495","2018",215,"August",15,9,"Under canopy",0.02,1092.1,32.8,"NA:NA:NA     NA"
"496","2018",216,"August",16,9,"Under canopy",0.04,842.1,30.9,"NA:NA:NA     NA"
"497","2018",217,"August",17,9,"Under canopy",0.14,616.7,31,"NA:NA:NA     NA"
"498","2018",218,"August",18,9,"Under canopy",0.07,1139.5,30.9,"NA:NA:NA     NA"
"499","2018",219,"August",19,9,"Under canopy",0.07,102.7,30.5,"NA:NA:NA     NA"
"500","2018",220,"August",20,9,"Under canopy",0.01,635.7,29.1,"NA:NA:NA     NA"
"501","2018",221,"August",21,9,"Canopy interspace",-0.08,2791.2,40.9,"NA:NA:NA     NA"
"502","2018",222,"August",22,9,"Canopy interspace",0,1991.9,41.7,"NA:NA:NA     NA"
"503","2018",223,"August",23,9,"Canopy interspace",-0.01,2773.2,39,"NA:NA:NA     NA"
"504","2018",224,"August",24,9,"Canopy interspace",-0.08,2466.2,38.4,"NA:NA:NA     NA"
"505","2018",225,"August",25,9,"Canopy interspace",-0.05,2731.8,43.7,"NA:NA:NA     NA"
"506","2018",226,"August",26,9,"Canopy interspace",0,3516.2,44.5,"NA:NA:NA     NA"
"507","2018",227,"August",27,9,"Canopy interspace",-0.07,2468.8,43.3,"NA:NA:NA     NA"
"508","2018",228,"August",28,9,"Canopy interspace",-0.06,2774.3,44,"NA:NA:NA     NA"
"509","2018",229,"August",29,9,"Canopy interspace",-0.08,2494.3,44.7,"NA:NA:NA     NA"
"510","2018",230,"August",30,9,"Canopy interspace",-0.03,2875,45.7,"NA:NA:NA     NA"
"511","2018",301,"August",1,13,"Under canopy",0.11,366.2,31,"NA:NA:NA     NA"
"512","2018",302,"August",2,13,"Under canopy",0.1,269.3,30.1,"NA:NA:NA     NA"
"513","2018",303,"August",3,13,"Under canopy",-0.07,1046.5,35.1,"NA:NA:NA     NA"
"514","2018",304,"August",4,13,"Under canopy",-0.03,336.3,34.2,"NA:NA:NA     NA"
"515","2018",305,"August",5,13,"Under canopy",-0.04,311,36,"NA:NA:NA     NA"
"516","2018",306,"August",6,13,"Under canopy",0.04,1300.5,35.7,"NA:NA:NA     NA"
"517","2018",307,"August",7,13,"Under canopy",0.05,940.4,34.3,"NA:NA:NA     NA"
"518","2018",308,"August",8,13,"Under canopy",-0.01,436.6,33.4,"NA:NA:NA     NA"
"519","2018",309,"August",9,13,"Under canopy",-0.03,1081.5,36.3,"NA:NA:NA     NA"
"520","2018",310,"August",10,13,"Under canopy",0.01,792.7,38,"NA:NA:NA     NA"
"521","2018",311,"August",11,13,"Under canopy",-0.04,1422.1,39.3,"NA:NA:NA     NA"
"522","2018",312,"August",12,13,"Under canopy",-0.01,157,34.5,"NA:NA:NA     NA"
"523","2018",313,"August",13,13,"Under canopy",0.05,94.4,31.6,"NA:NA:NA     NA"
"524","2018",314,"August",14,13,"Under canopy",0,801.1,34.3,"NA:NA:NA     NA"
"525","2018",315,"August",15,13,"Under canopy",-0.03,347.6,35.6,"NA:NA:NA     NA"
"526","2018",316,"August",16,13,"Under canopy",0,606,34.2,"NA:NA:NA     NA"
"527","2018",317,"August",17,13,"Under canopy",0.01,190.2,33.2,"NA:NA:NA     NA"
"528","2018",318,"August",18,13,"Under canopy",0,496.6,35.2,"NA:NA:NA     NA"
"529","2018",319,"August",19,13,"Under canopy",0.09,73.7,32.4,"NA:NA:NA     NA"
"530","2018",320,"August",20,13,"Under canopy",0.01,521,33.1,"NA:NA:NA     NA"
"531","2018",321,"August",21,13,"Canopy interspace",0,1665,42.1,"NA:NA:NA     NA"
"532","2018",322,"August",22,13,"Canopy interspace",-0.02,1096.5,42.2,"NA:NA:NA     NA"
"533","2018",323,"August",23,13,"Canopy interspace",0,1079.2,42.3,"NA:NA:NA     NA"
"534","2018",324,"August",24,13,"Canopy interspace",-0.08,1360,42.4,"NA:NA:NA     NA"
"535","2018",325,"August",25,13,"Canopy interspace",-0.03,624.8,44.2,"NA:NA:NA     NA"
"536","2018",326,"August",26,13,"Canopy interspace",0.05,477.5,39.5,"NA:NA:NA     NA"
"537","2018",327,"August",27,13,"Canopy interspace",0,879.3,43.5,"NA:NA:NA     NA"
"538","2018",328,"August",28,13,"Canopy interspace",-0.05,1071.7,43.9,"NA:NA:NA     NA"
"539","2018",329,"August",29,13,"Canopy interspace",-0.01,1094.7,44.3,"NA:NA:NA     NA"
"540","2018",330,"August",30,13,"Canopy interspace",-0.04,988,43.6,"NA:NA:NA     NA"
"541","2018",401,"August",1,17,"Under canopy",-0.04,168.7,28.3,"NA:NA:NA     NA"
"542","2018",402,"August",2,17,"Under canopy",0,149.5,26.5,"NA:NA:NA     NA"
"543","2018",403,"August",3,17,"Under canopy",-0.07,131.1,28.8,"NA:NA:NA     NA"
"544","2018",404,"August",4,17,"Under canopy",0,98.2,28.1,"NA:NA:NA     NA"
"545","2018",405,"August",5,17,"Under canopy",0,59.7,29.3,"NA:NA:NA     NA"
"546","2018",406,"August",6,17,"Under canopy",0.02,39.9,27.8,"NA:NA:NA     NA"
"547","2018",407,"August",7,17,"Under canopy",-0.04,89.8,28,"NA:NA:NA     NA"
"548","2018",408,"August",8,17,"Under canopy",-0.01,0,23.6,"NA:NA:NA     NA"
"549","2018",409,"August",9,17,"Under canopy",0.08,54,28.3,"NA:NA:NA     NA"
"550","2018",410,"August",10,17,"Under canopy",0.05,0,23.9,"NA:NA:NA     NA"
"551","2018",411,"August",11,17,"Under canopy",0.05,0.3,24.1,"NA:NA:NA     NA"
"552","2018",412,"August",12,17,"Under canopy",0.04,1.2,23.4,"NA:NA:NA     NA"
"553","2018",413,"August",13,17,"Under canopy",0.06,31,26.6,"NA:NA:NA     NA"
"554","2018",414,"August",14,17,"Under canopy",0.03,81.6,26.7,"NA:NA:NA     NA"
"555","2018",415,"August",15,17,"Under canopy",0.06,28.7,26.8,"NA:NA:NA     NA"
"556","2018",416,"August",16,17,"Under canopy",0.01,8.5,24.3,"NA:NA:NA     NA"
"557","2018",417,"August",17,17,"Under canopy",0.05,13.5,24.8,"NA:NA:NA     NA"
"558","2018",418,"August",18,17,"Under canopy",0.11,4,24.3,"NA:NA:NA     NA"
"559","2018",419,"August",19,17,"Under canopy",0.07,9.2,24,"NA:NA:NA     NA"
"560","2018",420,"August",20,17,"Under canopy",0.08,11.1,24.2,"NA:NA:NA     NA"
"561","2018",421,"August",21,17,"Canopy interspace",0.04,2.8,24.3,"NA:NA:NA     NA"
"562","2018",422,"August",22,17,"Canopy interspace",0.04,0,24.4,"NA:NA:NA     NA"
"563","2018",423,"August",23,17,"Canopy interspace",0.13,0,24.5,"NA:NA:NA     NA"
"564","2018",424,"August",24,17,"Canopy interspace",-0.09,82.9,28.4,"NA:NA:NA     NA"
"565","2018",425,"August",25,17,"Canopy interspace",-0.01,0,25.2,"NA:NA:NA     NA"
"566","2018",426,"August",26,17,"Canopy interspace",0.04,0,24.7,"NA:NA:NA     NA"
"567","2018",427,"August",27,17,"Canopy interspace",-0.02,0.1,24.3,"NA:NA:NA     NA"
"568","2018",428,"August",28,17,"Canopy interspace",0.01,0,24.5,"NA:NA:NA     NA"
"569","2018",429,"August",29,17,"Canopy interspace",0.01,0,24.4,"NA:NA:NA     NA"
"570","2018",430,"August",30,17,"Canopy interspace",0.02,0,24.8,"NA:NA:NA     NA"
"571","2018",501,"August",1,21,"Under canopy",-0.01,0,19.8,"NA:NA:NA     NA"
"572","2018",502,"August",2,21,"Under canopy",0,0,19.6,"NA:NA:NA     NA"
"573","2018",503,"August",3,21,"Under canopy",0,0,19.9,"NA:NA:NA     NA"
"574","2018",504,"August",4,21,"Under canopy",0.01,0,19.8,"NA:NA:NA     NA"
"575","2018",505,"August",5,21,"Under canopy",0.02,0,20.2,"NA:NA:NA     NA"
"576","2018",506,"August",6,21,"Under canopy",0.03,0,20.4,"NA:NA:NA     NA"
"577","2018",507,"August",7,21,"Under canopy",0.01,0,20.4,"NA:NA:NA     NA"
"578","2018",508,"August",8,21,"Under canopy",0.02,0,19.3,"NA:NA:NA     NA"
"579","2018",509,"August",9,21,"Under canopy",0.01,0,20.4,"NA:NA:NA     NA"
"580","2018",510,"August",10,21,"Under canopy",0.02,0,19.6,"NA:NA:NA     NA"
"581","2018",511,"August",11,21,"Under canopy",0.01,0,19.4,"NA:NA:NA     NA"
"582","2018",512,"August",12,21,"Under canopy",0.03,0,19.4,"NA:NA:NA     NA"
"583","2018",513,"August",13,21,"Under canopy",0.01,0,19.7,"NA:NA:NA     NA"
"584","2018",514,"August",14,21,"Under canopy",0.02,0,19.9,"NA:NA:NA     NA"
"585","2018",515,"August",15,21,"Under canopy",0.03,0,19.9,"NA:NA:NA     NA"
"586","2018",516,"August",16,21,"Under canopy",0.01,0,19.4,"NA:NA:NA     NA"
"587","2018",517,"August",17,21,"Under canopy",0.01,0,19.4,"NA:NA:NA     NA"
"588","2018",518,"August",18,21,"Under canopy",0.03,0,19.7,"NA:NA:NA     NA"
"589","2018",519,"August",19,21,"Under canopy",0.03,0,19.5,"NA:NA:NA     NA"
"590","2018",520,"August",20,21,"Under canopy",0.02,0,19.4,"NA:NA:NA     NA"
"591","2018",521,"August",21,21,"Canopy interspace",0.01,0,19.3,"NA:NA:NA     NA"
"592","2018",522,"August",22,21,"Canopy interspace",0.02,0,19.5,"NA:NA:NA     NA"
"593","2018",523,"August",23,21,"Canopy interspace",0.03,0,19.5,"NA:NA:NA     NA"
"594","2018",524,"August",24,21,"Canopy interspace",0.02,0,20,"NA:NA:NA     NA"
"595","2018",525,"August",25,21,"Canopy interspace",0.02,0,20,"NA:NA:NA     NA"
"596","2018",526,"August",26,21,"Canopy interspace",0.02,0,19.7,"NA:NA:NA     NA"
"597","2018",527,"August",27,21,"Canopy interspace",0.01,0,20,"NA:NA:NA     NA"
"598","2018",528,"August",28,21,"Canopy interspace",0.02,0,19.7,"NA:NA:NA     NA"
"599","2018",529,"August",29,21,"Canopy interspace",0.02,0.1,19.6,"NA:NA:NA     NA"
"600","2018",530,"August",30,21,"Canopy interspace",0.02,0.1,19.3,"NA:NA:NA     NA"
